DATE,JONGNO,JONGNO_ADD,JUNGGU,JUNGGU_ADD,YONGSAN,YONGSAN_ADD,SEONGDONG,SEONGDONG_ADD,GWANGJIN,GWANGJIN_ADD,DDM,DDM_ADD,JUNGNANG,JUNGNANG_ADD,SEONGBUK,SEONGBUK_ADD,GANGBUK,GANGBUK_ADD,DOBONG,DOBONG_ADD,NOWON,NOWON_ADD,EP,EP_ADD,SDM,SDM_ADD,MAPO,MAPO_ADD,YANGCHEON,YANGCHEON_ADD,GURO,GURO_ADD,GEUMCHEON,GEUMCHEON_ADD,YDP,YDP_ADD,DONGJAK,DONGJAK_ADD,GWANAK,GWANAK_ADD,SEOCHO,SEOCHO_ADD,GANGNAM,GANGNAM_ADD,GANGDONG,GANGDONG_ADD,ETC,ETC_ADD
2021.11.16.00,2365,13,2336,14,3388,10,3660,38,4371,23,5212,57,4834,37,5359,64,3719,25,3602,35,5437,26,5646,20,3484,19,4681,29,4322,25,6651,58,3225,23,6376,64,5221,19,7057,38,5215,25,8425,37,5500,31,9271,40
2021.11.15.00,2352,15,2322,14,3378,18,3622,23,4348,19,5155,44,4797,29,5295,55,3694,15,3567,26,5411,42,5626,30,3465,10,4652,21,4297,34,6593,38,3202,19,6312,56,5202,31,7019,32,5190,27,8388,42,5469,78,9232,47
2021.11.08.00,2240,6,2208,12,3275,10,3455,16,4208,23,4818,24,4602,27,5000,21,3525,22,3375,18,5063,36,5341,42,3310,19,4487,17,4060,20,6241,50,3032,19,5930,49,5016,19,6656,42,4979,26,8133,31,5107,34,8818,51
2021.11.07.00,2234,12,2196,9,3265,12,3439,19,4184,24,4794,42,4574,27,4979,38,3503,18,3357,31,5027,45,5299,44,3291,12,4470,17,4040,31,6192,48,3013,48,5881,49,4997,17,6614,54,4953,28,8102,34,5073,53,8767,41
2021.11.06.00,2222,12,2187,19,3253,15,3420,24,4160,22,4752,40,4547,27,4941,35,3485,29,3326,40,4982,46,5255,53,3279,19,4453,14,4009,30,6158,66,2965,40,5832,49,4980,28,6559,57,4925,38,8068,25,5020,40,8712,51
2021.11.05.00,2210,15,2169,21,3238,18,3396,20,4139,21,4712,56,4519,23,4906,45,3456,27,3286,36,4936,49,5202,40,3260,18,4439,27,3979,31,6092,74,2925,53,5783,64,4952,28,6502,48,4887,29,8043,24,4980,28,8660,68
2021.11.04.00,2195,14,2148,14,3220,18,3376,16,4119,26,4656,57,4496,31,4861,49,3429,29,3250,17,4887,53,5162,46,3242,20,4412,22,3950,28,6022,64,2872,37,5718,67,4924,31,6454,55,4858,21,8019,30,4951,40,8588,55
2021.11.03.00,2181,17,2134,12,3202,15,3360,25,4093,20,4651,45,4465,27,4811,55,3400,42,3233,17,4834,31,5116,46,3222,32,4390,28,3921,31,5958,75,2835,31,5654,72,4893,35,6399,65,4837,25,7989,33,4911,55,8481,56
2021.11.02.00,2164,3,2122,8,3187,11,3335,14,4073,14,4606,21,4438,18,4756,61,3358,28,3216,19,4803,17,5070,16,3190,18,4362,21,3891,34,5883,41,2805,19,5582,23,4858,18,6334,37,4812,17,7956,24,4856,27,8424,45
2021.11.01.00,2161,6,2114,19,3176,10,3321,5,4059,12,4585,37,4420,21,4695,44,3330,28,3197,19,4786,27,5054,16,3172,16,4341,18,3857,38,5842,35,2786,19,5559,43,4840,20,6297,35,4795,21,7932,21,4829,38,8379,28
2021.10.31.00,2155,12,2095,19,3166,17,3316,15,4048,16,4548,40,4399,19,4651,52,3302,29,3178,11,4759,35,5038,20,3156,13,4323,21,3819,25,5807,68,2767,16,5516,49,4820,32,6262,44,4774,16,7911,25,4791,40,8350,46
2021.10.30.00,2143,10,2076,19,3149,9,3301,16,4032,14,4508,57,4380,15,4599,36,3273,28,3167,24,4724,37,5018,20,3143,8,4302,23,3794,22,5739,38,2751,18,5467,51,4788,24,6218,47,4758,16,7886,25,4751,39,8304,34
2021.10.29.00,2133,18,2058,15,3140,15,3285,27,4018,22,4451,47,4365,18,4563,30,3245,31,3143,41,4687,35,4998,20,3135,8,4279,26,3772,11,5701,51,2733,30,5416,44,4764,20,6171,34,4742,23,7861,21,4712,49,8269,56
2021.10.28.00,2115,17,2043,13,3125,9,3258,20,3996,19,4404,52,4347,17,4533,27,3214,26,3102,39,4653,41,4978,13,3128,17,4253,19,3761,17,5650,54,2703,34,5372,44,4744,20,6136,34,4719,17,7840,49,4663,62,8212,46
2021.10.27.00,2098,12,2030,12,3116,19,3238,18,3979,17,4352,27,4330,16,4506,38,3188,28,3063,31,4612,44,4965,31,3111,10,4234,16,3745,17,5597,62,2669,18,5328,34,4723,25,6102,40,4702,32,7791,28,4601,42,8165,45
2021.10.26.00,2086,13,2018,5,3097,4,3220,15,3962,16,4325,15,4313,8,4469,25,3160,6,3032,13,4568,28,4934,10,3103,7,4218,12,3727,17,5537,28,2650,8,5294,33,4698,16,6062,19,4670,20,7764,25,4559,17,8114,24
2021.10.25.00,2074,19,2017,5,3094,3,3205,8,3946,15,4310,16,4305,20,4444,23,3154,15,3020,19,4540,24,4925,10,3096,6,4207,7,3712,14,5532,31,2647,13,5265,24,4682,12,6042,25,4651,23,7739,17,4542,16,8047,36
2021.10.24.00,2055,19,2012,8,3091,15,3197,18,3931,15,4294,22,4285,12,4421,22,3139,16,3001,14,4516,13,4915,12,3090,9,4200,9,3698,10,5501,41,2634,26,5241,30,4670,16,6017,28,4628,21,7722,23,4526,32,8011,30
2021.10.23.00,2036,13,2004,14,3076,12,3179,6,3916,12,4272,24,4273,11,4399,27,3123,18,2987,8,4503,26,4903,16,3081,14,4191,15,3688,9,5460,55,2608,40,5211,34,4654,16,5989,13,4607,19,7699,36,4494,37,7981,32
2021.10.22.00,2023,15,1989,6,3064,9,3173,14,3904,10,4248,30,4262,24,4372,21,3105,11,2979,11,4477,23,4887,21,3067,10,4176,12,3679,14,5405,36,2568,14,5177,32,4638,29,5976,22,4588,15,7664,32,4457,26,7949,37
2021.10.21.00,2008,19,1983,15,3055,6,3159,8,3894,13,4218,22,4238,14,4351,21,3094,15,2968,13,4454,27,4866,21,3057,14,4164,7,3665,24,5369,42,2554,14,5145,34,4609,28,5954,30,4573,17,7632,22,4431,13,7912,30
2021.10.20.00,1989,13,1968,9,3049,8,3151,13,3881,13,4197,20,4224,20,4324,17,3080,17,2955,10,4428,22,4845,18,3043,16,4157,23,3641,13,5328,60,2540,14,5111,39,4581,24,5924,22,4556,11,7609,20,4418,21,7885,24
2021.10.19.00,1977,9,1959,2,3041,10,3138,6,3868,9,4177,12,4204,15,4307,13,3063,9,2945,7,4406,18,4827,9,3027,3,4134,7,3628,9,5268,24,2526,14,5072,10,4557,22,5902,9,4545,4,7589,19,4397,16,7861,13
2021.10.18.00,1968,13,1960,4,3031,8,3132,13,3859,8,4165,10,4189,13,4294,25,3054,9,2938,10,4387,10,4818,9,3024,7,4127,6,3619,5,5244,39,2512,18,5062,23,4535,12,5893,16,4541,5,7570,20,4381,20,7846,25
2021.10.17.00,1958,9,1956,8,3023,18,3119,17,3851,10,4155,18,4176,19,4269,20,3045,11,2928,13,4377,18,4809,28,3017,16,4121,9,3614,9,5205,54,2494,17,5039,32,4523,21,5877,19,4536,6,7550,29,4361,29,7818,36
2021.10.16.00,1949,21,1949,11,3006,11,3102,15,3841,10,4137,20,4157,18,4249,31,3034,17,2915,8,4359,22,4781,31,3001,18,4112,10,3605,6,5151,76,2477,23,5007,36,4502,22,5858,36,4530,9,7521,36,4332,29,7781,28
2021.10.15.00,1925,25,1938,8,2995,19,3087,15,3832,25,4117,44,4139,28,4218,30,3017,26,2907,16,4337,22,4750,33,2983,25,4102,20,3599,8,5075,84,2454,33,4971,31,4480,20,5822,24,4521,10,7485,33,4303,26,7756,32
2021.10.14.00,1900,21,1930,8,2976,19,3072,8,3807,23,4073,30,4111,25,4188,27,2993,22,2891,22,4315,38,4717,41,2960,11,4082,22,3592,16,4991,73,2421,38,4940,53,4460,26,5798,37,4511,11,7450,42,4277,35,7722,46
2021.10.13.00,1879,14,1922,9,2957,19,3064,12,3784,12,4043,32,4086,25,4161,29,2971,16,2869,10,4277,26,4677,27,2949,16,4060,25,3576,9,4918,59,2384,17,4888,29,4434,13,5761,23,4500,15,7408,37,4242,24,7676,31
2021.10.12.00,1865,12,1913,5,2938,22,3052,11,3772,18,4011,19,4061,17,4132,24,2969,31,2859,7,4251,19,4650,15,2933,14,4035,12,3567,17,4860,35,2367,11,4859,17,4421,20,5738,15,4485,9,7371,48,4218,15,7635,27
2021.10.11.00,1853,11,1908,9,2916,10,3041,15,3754,24,3992,25,4044,17,4108,21,2938,15,2852,19,4232,34,4635,19,2919,8,4023,11,3550,13,4825,51,2356,28,4842,25,4401,14,5723,20,4476,13,7323,27,4203,20,7608,22
2021.10.10.00,1842,11,1899,7,2906,28,3026,7,3730,24,3967,29,4027,21,4087,22,2923,21,2833,12,4198,24,4616,31,2911,12,4012,18,3537,9,4774,64,2328,23,4817,20,4387,23,5703,24,4463,7,7296,28,4183,31,7586,29
2021.10.09.00,1831,16,1892,17,2878,25,3019,14,3706,15,3938,55,4006,21,4066,34,2903,32,2821,12,4174,30,4584,28,2899,26,3994,26,3528,22,4710,51,2305,29,4797,30,4364,32,5679,21,4456,15,7268,35,4151,26,7557,38
2021.10.08.00,1816,30,1875,12,2853,13,3005,10,3691,20,3881,39,3984,36,4031,31,2870,31,2809,22,4150,38,4553,36,2874,21,3969,34,3505,31,4658,56,2275,25,4768,41,4331,31,5658,25,4440,22,7235,31,4124,41,7529,32
2021.10.07.00,1785,25,1864,25,2840,15,2995,10,3671,17,3843,51,3948,26,4001,36,2839,34,2787,30,4112,36,4517,39,2853,20,3935,24,3474,31,4601,65,2250,20,4728,44,4299,22,5633,25,4418,24,7204,22,4083,46,7498,63
2021.10.06.00,1760,15,1839,15,2825,11,2985,24,3654,21,3789,28,3922,36,3965,21,2805,29,2757,22,4075,33,4478,29,2832,18,3911,22,3442,21,4536,51,2230,16,4685,31,4277,22,5608,28,4394,14,7182,36,4037,37,7442,50
2021.10.05.00,1745,12,1824,11,2814,9,2961,15,3633,17,3761,24,3886,22,3944,18,2776,23,2735,20,4041,18,4449,24,2814,11,3889,20,3421,12,4485,57,2214,18,4654,14,4255,22,5580,12,4380,15,7146,30,4000,20,7393,31
2021.10.04.00,1733,20,1813,19,2805,16,2946,15,3616,10,3737,32,3864,26,3926,27,2753,17,2715,16,4023,18,4425,28,2803,17,3869,24,3409,16,4428,29,2196,15,4640,29,4233,14,5568,18,4365,18,7116,30,3980,29,7362,36
2021.10.03.00,1713,30,1794,18,2789,19,2931,21,3606,14,3705,45,3838,28,3899,23,2736,25,2699,16,3991,12,4397,27,2786,21,3845,35,3393,15,4399,46,2181,22,4611,36,4219,22,5550,18,4347,14,7085,25,3951,38,7342,112
2021.10.02.00,1683,14,1776,18,2770,22,2910,26,3592,23,3660,55,3810,32,3876,22,2711,22,2683,32,3980,6,4370,29,2765,16,3810,30,3378,25,4353,61,2159,28,4575,40,4197,19,5532,38,4333,22,7060,32,3913,26,7230,86
2021.10.01.00,1669,23,1758,22,2748,15,2884,22,3567,33,3602,62,3778,18,3853,42,2689,33,2648,18,3972,10,4341,33,2746,28,3778,25,3353,26,4286,54,2130,28,4535,38,4176,27,5492,35,4311,17,7028,52,3883,42,7180,120
2021.09.30.00,1646,27,1736,28,2733,28,2862,23,3534,48,3540,53,3760,31,3811,31,2656,47,2630,25,3962,29,4308,24,2718,25,3753,27,3327,36,4232,64,2102,36,4497,35,4149,27,5457,39,4294,10,6976,49,3841,57,7060,39
2021.09.29.00,1617,23,1709,37,2705,24,2838,24,3486,36,3487,66,3729,26,3779,41,2607,25,2605,35,3932,29,4284,47,2692,30,3727,47,3291,27,4168,55,2064,31,4462,43,4120,28,5418,48,4284,19,6926,45,3782,51,7035,108
2021.09.28.00,1594,20,1672,23,2681,28,2814,19,3450,34,3421,56,3704,18,3738,54,2582,20,2570,28,3903,37,4237,17,2662,18,3680,17,3264,27,4113,58,2033,16,4419,41,4092,23,5370,23,4265,16,6881,50,3731,29,6927,63
2021.09.27.00,1573,32,1649,27,2653,13,2795,19,3417,38,3365,29,3686,26,3684,25,2563,28,2542,25,3866,25,4221,39,2644,27,3663,22,3238,13,4055,72,2017,19,4378,40,4068,28,5347,37,4249,20,6831,43,3702,17,6863,31
2021.09.26.00,1541,31,1622,24,2640,32,2776,39,3379,34,3336,57,3660,35,3659,31,2535,42,2517,25,3841,27,4182,31,2617,27,3641,30,3225,20,3983,31,1998,39,4338,35,4040,21,5310,37,4229,35,6788,37,3685,41,6832,31
2021.09.25.00,1510,20,1598,35,2608,25,2737,42,3345,55,3279,67,3625,44,3628,49,2493,24,2492,29,3814,52,4151,37,2590,34,3611,42,3205,34,3952,80,1959,33,4303,51,4019,37,5273,66,4194,27,6751,64,3644,54,6801,48
2021.09.24.00,1489,16,1563,23,2583,12,2695,27,3291,53,3212,38,3580,34,3578,26,2468,28,2463,17,3763,26,4114,27,2555,17,3569,32,3171,21,3878,56,1926,13,4250,47,3983,40,5207,32,4167,23,6687,49,3590,40,6751,62
2021.09.23.00,1473,18,1540,34,2571,9,2668,20,3238,22,3174,24,3546,19,3552,25,2440,23,2446,18,3737,21,4087,16,2538,12,3537,22,3150,18,3822,33,1913,14,4203,38,3943,19,5175,34,4144,20,6638,38,3550,27,6689,30
2021.09.22.00,1455,12,1506,9,2562,9,2648,19,3216,30,3150,23,3527,22,3527,29,2417,19,2428,19,3716,24,4071,30,2527,16,3514,24,3132,15,3789,53,1899,25,4165,32,3924,18,5141,32,4124,14,6600,23,3523,33,6659,23
2021.09.21.00,1443,18,1497,30,2553,16,2629,17,3186,33,3127,31,3505,13,3498,48,2398,34,2409,21,3692,31,4041,21,2511,14,3490,31,3117,21,3736,48,1874,19,4133,24,3906,18,5109,29,4110,16,6577,33,3490,17,6636,20
2021.09.20.00,1425,15,1467,12,2537,7,2612,24,3153,19,3096,25,3492,23,3450,28,2364,18,2388,13,3661,28,4020,18,2498,15,3459,25,3096,22,3687,37,1855,18,4109,28,3888,16,5081,28,4094,22,6544,21,3473,19,6615,28
2021.09.19.00,1410,13,1455,23,2530,14,2588,15,3134,24,3072,42,3469,22,3422,30,2346,17,2375,24,3633,28,4002,24,2483,19,3434,34,3074,18,3650,57,1837,11,4081,43,3872,17,5053,37,4071,26,6523,36,3454,30,6587,44
2021.09.18.00,1397,16,1432,24,2516,10,2573,12,3110,21,3030,30,3447,14,3392,24,2329,16,2351,24,3605,27,3978,24,2465,16,3399,17,3056,40,3593,51,1826,10,4038,35,3855,20,5016,36,4045,21,6487,33,3424,36,6544,46
2021.09.17.00,1381,13,1408,17,2506,6,2561,13,3089,11,3002,33,3433,25,3368,16,2313,17,2327,16,3578,34,3954,29,2449,25,3382,33,3016,21,3542,67,1816,26,4003,34,3835,19,4980,34,4024,29,6454,65,3388,23,6496,42
2021.09.16.00,1368,12,1392,20,2500,7,2548,17,3078,19,2968,24,3408,8,3353,20,2296,13,2311,17,3544,23,3925,30,2423,29,3350,47,2995,17,3475,65,1790,17,3969,42,3817,26,4946,29,3995,24,6389,45,3365,25,6452,46
2021.09.15.00,1356,9,1372,13,2493,13,2531,14,3059,28,2944,33,3400,20,3334,24,2283,18,2294,20,3521,23,3895,38,2394,21,3304,42,2981,28,3410,61,1773,17,3924,59,3791,29,4917,36,3971,31,6344,56,3340,25,6404,40
2021.09.14.00,1347,6,1359,15,2480,11,2520,14,3031,29,2911,19,3380,13,3310,13,2265,13,2274,13,3498,19,3857,39,2373,7,3262,17,2953,17,3349,39,1756,15,3865,28,3762,18,4881,24,3940,24,6289,32,3315,19,6361,26
2021.09.13.00,1341,7,1344,10,2470,11,2505,28,3002,21,2893,26,3367,18,3297,24,2252,8,2261,12,3479,29,3818,24,2365,12,3246,25,2936,11,3310,28,1741,21,3837,30,3744,23,4857,30,3916,17,6257,24,3296,22,6335,36
2021.09.12.00,1334,10,1334,11,2459,18,2477,21,2981,40,2867,22,3349,23,3273,28,2244,15,2249,15,3450,27,3794,37,2352,14,3221,11,2925,17,3282,36,1720,10,3807,33,3721,23,4827,43,3899,21,6233,34,3274,31,6300,34
2021.09.11.00,1324,6,1323,12,2441,12,2456,15,2941,38,2846,29,3326,13,3245,20,2229,21,2234,17,3423,21,3757,38,2338,10,3210,23,2908,14,3246,39,1710,25,3774,54,3698,24,4784,40,3878,18,6199,41,3242,23,6267,33
2021.09.10.00,1318,9,1311,8,2429,18,2441,21,2903,35,2818,21,3314,22,3225,18,2208,22,2217,8,3401,12,3720,50,2328,15,3187,30,2894,19,3207,53,1686,23,3720,41,3674,26,4744,32,3860,19,6158,34,3219,33,6233,33
2021.09.09.00,1309,5,1306,22,2411,13,2421,20,2867,29,2797,20,3292,27,3207,18,2186,11,2209,15,3389,18,3670,24,2314,25,3157,26,2875,19,3154,48,1663,14,3678,45,3648,22,4711,45,3841,24,6123,38,3186,24,6199,42
2021.09.08.00,1304,10,1290,12,2398,16,2401,14,2838,36,2777,20,3264,26,3189,24,2175,14,2194,13,3371,8,3646,50,2289,21,3131,19,2856,16,3106,52,1649,19,3633,50,3627,20,4666,44,3817,24,6085,41,3162,23,6151,49
2021.09.07.00,1294,7,1278,12,2382,8,2387,11,2802,21,2757,14,3238,10,3165,16,2161,13,2181,10,3363,17,3596,24,2268,11,3112,27,2840,10,3054,40,1630,21,3583,35,3607,20,4622,18,3793,16,6044,33,3140,18,6102,15
2021.09.06.00,1286,6,1270,10,2374,3,2379,14,2781,20,2745,12,3228,17,3150,18,2148,4,2171,12,3347,18,3572,28,2257,7,3085,9,2830,12,3014,41,1609,11,3548,23,3587,20,4604,40,3778,17,6010,34,3119,20,6082,29
2021.09.05.00,1280,2,1260,16,2371,9,2365,21,2762,24,2733,18,3210,17,3132,15,2144,6,2159,5,3329,20,3544,32,2250,15,3076,12,2818,13,2973,30,1598,12,3525,21,3567,16,4564,44,3761,17,5976,46,3099,19,6053,23
2021.09.04.00,1278,6,1244,12,2362,12,2343,16,2738,22,2715,18,3193,22,3117,13,2138,9,2154,6,3310,14,3512,41,2235,14,3064,16,2805,21,2943,28,1586,18,3504,36,3551,26,4520,32,3744,27,5930,48,3080,31,6029,23
2021.09.03.00,1272,5,1232,12,2350,10,2327,13,2716,18,2697,25,3171,26,3104,13,2129,8,2148,13,3296,20,3471,35,2221,10,3048,17,2784,18,2915,29,1568,13,3468,33,3525,32,4488,27,3717,29,5882,38,3049,24,6006,22
2021.09.02.00,1267,6,1223,15,2340,8,2314,23,2698,21,2672,23,3145,27,3091,13,2121,8,2135,8,3276,19,3436,23,2211,10,3031,17,2766,29,2886,36,1555,20,3435,33,3490,21,4461,31,3688,20,5843,40,3026,22,5985,24
2021.09.01.00,1261,16,1213,16,2333,12,2291,16,2678,20,2650,27,3113,23,3078,13,2113,12,2128,17,3256,12,3414,33,2201,22,3014,14,2740,27,2850,31,1535,19,3402,32,3467,23,4430,35,3668,33,5806,72,3005,30,5955,35
2021.08.31.00,1245,10,1197,11,2321,13,2275,16,2657,20,2623,12,3092,21,3065,13,2101,11,2111,7,3244,17,3381,19,2179,12,3000,12,2713,25,2819,19,1516,14,3370,16,3444,20,4395,24,3635,30,5733,29,2975,12,5920,29
2021.08.30.00,1235,4,1191,4,2308,9,2259,7,2637,15,2611,21,3071,28,3054,26,2089,11,2104,5,3228,10,3362,23,2167,11,2988,17,2688,30,2800,18,1502,12,3354,23,3424,22,4371,29,3605,8,5703,36,2963,11,5885,28
2021.08.29.00,1231,9,1187,5,2299,9,2252,13,2622,18,2590,26,3043,23,3042,19,2078,8,2099,6,3218,18,3339,33,2156,16,2971,11,2658,23,2782,24,1490,15,3331,36,3402,22,4342,34,3597,21,5667,39,2952,9,5857,24
2021.08.28.00,1223,6,1182,9,2290,11,2239,18,2604,25,2564,20,3022,20,3023,20,2070,13,2093,12,3200,20,3306,35,2138,21,2960,20,2635,18,2758,22,1475,28,3295,46,3381,22,4308,35,3576,23,5628,49,2943,6,5832,22
2021.08.27.00,1217,5,1175,9,2280,16,2220,19,2579,30,2544,18,3001,24,3001,15,2058,7,2081,8,3180,12,3271,30,2118,12,2939,22,2617,14,2735,36,1447,11,3248,38,3360,27,4275,39,3553,17,5578,57,2937,10,5810,16
2021.08.26.00,1212,6,1166,13,2264,8,2201,13,2549,23,2526,15,2977,25,2986,17,2051,9,2073,4,3168,10,3241,38,2106,21,2917,26,2603,14,2699,20,1436,9,3210,46,3333,22,4236,47,3536,26,5521,49,2927,19,5794,37
2021.08.25.00,1206,8,1153,5,2256,12,2188,17,2526,25,2511,12,2952,17,2969,19,2042,13,2069,12,3158,14,3203,43,2085,19,2891,31,2589,31,2679,35,1427,14,3164,47,3311,29,4189,50,3510,33,5472,66,2908,21,5758,39
2021.08.24.00,1198,11,1152,5,2244,9,2172,9,2501,21,2499,12,2935,15,2951,12,2029,11,2057,4,3144,17,3160,17,2066,12,2860,24,2558,19,2643,13,1414,8,3117,25,3283,20,4139,24,3477,19,5406,48,2887,18,5714,22
2021.08.23.00,1187,5,1149,9,2236,10,2163,13,2480,15,2489,13,2920,18,2939,13,2020,6,2053,9,3127,9,3143,21,2054,8,2836,20,2540,23,2631,17,1405,11,3092,18,3263,20,4116,19,3457,23,5358,36,2869,5,5690,9
2021.08.22.00,1182,4,1140,5,2226,16,2151,8,2467,22,2477,17,2901,24,2927,23,2014,18,2044,7,3119,13,3122,32,2046,23,2816,30,2517,15,2614,22,1394,15,3074,26,3243,16,4097,29,3434,21,5322,33,2864,13,5677,25
2021.08.21.00,1178,10,1135,7,2210,16,2143,16,2445,15,2460,13,2877,36,2904,17,1996,8,2037,3,3106,11,3090,30,2023,27,2786,30,2502,26,2593,14,1379,5,3048,25,3227,23,4068,21,3413,25,5289,51,2851,16,5651,22
2021.08.20.00,1168,6,1135,5,2195,8,2126,20,2430,17,2449,28,2842,18,2884,21,1990,12,2034,8,3094,11,3061,35,1995,24,2756,25,2476,18,2580,20,1374,8,3023,24,3204,15,4046,32,3388,21,5238,55,2835,24,5620,29
2021.08.19.00,1162,4,1129,19,2187,16,2106,15,2412,18,2422,14,2825,31,2861,24,1978,20,2026,6,3083,16,3024,35,1971,23,2730,31,2459,17,2559,26,1366,8,3001,19,3189,25,4015,25,3366,20,5183,52,2810,20,5593,47
2021.08.18.00,1158,9,1110,17,2171,17,2091,10,2395,15,2409,9,2794,16,2837,9,1958,5,2020,14,3067,9,2988,30,1949,14,2699,33,2442,32,2533,11,1358,17,2982,27,3164,20,3990,22,3346,27,5131,48,2790,18,5544,28
2021.08.17.00,1148,4,1093,8,2154,9,2081,9,2380,14,2400,13,2778,12,2828,15,1953,9,2006,9,3058,11,2958,13,1937,10,2668,27,2409,12,2522,19,1340,3,2955,20,3144,15,3968,27,3319,15,5083,31,2772,10,5515,20
2021.08.16.00,1144,6,1085,7,2145,11,2071,10,2366,8,2387,9,2766,12,2813,18,1944,7,1997,5,3047,12,2945,15,1927,22,2641,23,2397,15,2503,9,1337,13,2935,16,3129,24,3941,17,3305,14,5052,31,2762,7,5495,12
2021.08.15.00,1138,2,1078,7,2134,12,2061,9,2358,31,2378,19,2754,18,2796,17,1937,11,1992,4,3035,14,2930,25,1904,18,2618,22,2382,10,2494,13,1324,11,2919,28,3105,22,3924,40,3291,22,5021,52,2755,8,5486,21
2021.08.14.00,1136,10,1071,20,2122,15,2052,8,2327,19,2360,17,2736,18,2779,16,1926,11,1988,9,3021,16,2905,23,1886,15,2595,34,2372,14,2481,26,1313,13,2891,27,3083,16,3884,35,3269,24,4969,40,2747,18,5464,21
2021.08.13.00,1126,13,1050,8,2107,15,2045,17,2308,10,2343,13,2718,22,2762,26,1915,9,1979,10,3004,18,2883,23,1871,15,2562,34,2358,22,2455,22,1300,14,2864,34,3067,22,3849,40,3245,17,4929,38,2729,13,5443,20
2021.08.12.00,1112,8,1042,4,2091,24,2029,15,2300,31,2330,16,2696,14,2736,15,1906,11,1969,12,2985,16,2860,15,1856,19,2528,26,2335,13,2433,15,1287,21,2830,36,3045,25,3809,57,3228,18,4891,33,2716,15,5423,20
2021.08.11.00,1103,13,1038,14,2067,27,2014,8,2271,22,2314,22,2681,22,2721,21,1895,16,1957,16,2969,14,2844,17,1838,27,2502,34,2322,22,2419,24,1266,11,2794,26,3020,33,3752,47,3210,44,4858,54,2701,20,5402,24
2021.08.10.00,1090,9,1024,6,2040,12,2006,7,2249,9,2292,6,2659,12,2700,15,1879,12,1941,12,2955,5,2827,17,1811,13,2471,18,2301,17,2395,10,1255,7,2769,12,2987,11,3705,19,3166,17,4804,28,2681,15,5374,17
2021.08.09.00,1080,10,1021,4,2028,10,1999,11,2239,9,2286,11,2647,12,2685,27,1867,12,1929,4,2950,9,2811,16,1798,7,2453,10,2284,16,2385,29,1248,9,2757,27,2976,22,3685,23,3149,19,4776,30,2666,12,5356,18
2021.08.08.00,1070,8,1017,14,2018,7,1988,15,2230,7,2276,10,2635,12,2658,14,1855,5,1925,8,2941,15,2795,14,1793,23,2443,31,2268,15,2356,18,1239,13,2730,29,2954,23,3662,39,3130,18,4745,33,2654,12,5337,19
2021.08.07.00,1062,3,1004,11,2012,19,1973,3,2224,11,2266,12,2623,14,2644,17,1850,14,1917,8,2926,12,2782,12,1770,25,2412,22,2253,20,2338,34,1226,13,2701,18,2931,32,3623,34,3112,23,4712,41,2642,22,5316,30
2021.08.06.00,1059,7,993,7,1993,22,1971,7,2213,19,2254,17,2608,7,2627,8,1836,18,1909,6,2914,12,2770,21,1745,17,2390,24,2233,22,2304,19,1213,9,2683,31,2899,21,3589,28,3089,19,4671,39,2620,12,5286,24
2021.08.05.00,1052,6,989,7,1971,28,1963,10,2194,9,2237,10,2601,9,2618,12,1818,15,1903,7,2903,18,2749,22,1728,15,2366,18,2211,14,2285,20,1203,9,2651,29,2876,31,3562,40,3070,25,4633,21,2610,14,5258,36
2021.08.04.00,1046,11,982,12,1943,25,1953,17,2185,15,2227,11,2593,2,2606,13,1803,9,1896,9,2885,9,2727,9,1713,21,2348,26,2197,23,2265,22,1194,9,2622,19,2845,16,3522,43,3045,21,4612,41,2596,21,5221,27
2021.08.03.00,1034,5,970,8,1918,11,1936,5,2170,11,2216,5,2591,2,2594,15,1794,4,1887,7,2875,11,2718,11,1692,7,2322,12,2174,23,2244,14,1185,10,2603,20,2830,11,3478,17,3024,15,4571,22,2575,23,5193,15
2021.08.02.00,1029,1,963,5,1907,15,1931,10,2159,12,2211,5,2589,10,2580,18,1790,8,1880,2,2864,12,2707,13,1686,14,2311,9,2150,12,2230,9,1175,15,2584,23,2817,25,3462,33,3009,16,4547,30,2552,4,5177,20
2021.08.01.00,1028,9,958,15,1892,16,1922,8,2147,12,2206,6,2579,10,2562,14,1785,14,1878,8,2852,21,2695,23,1672,11,2302,21,2137,9,2222,19,1160,19,2561,27,2792,22,3429,43,2992,25,4518,30,2547,19,5156,26
2021.07.31.00,1019,5,943,7,1876,9,1914,14,2135,8,2200,16,2569,10,2548,14,1771,12,1870,9,2831,14,2672,21,1661,12,2281,17,2128,21,2203,32,1141,12,2534,25,2770,29,3386,40,2967,25,4488,38,2528,21,5130,22
2021.07.30.00,1014,6,936,8,1867,14,1900,9,2127,20,2184,11,2559,10,2534,11,1759,14,1861,6,2817,22,2651,14,1649,20,2265,16,2107,15,2171,20,1129,17,2509,26,2741,34,3346,36,2941,33,4449,24,2507,24,5108,20
2021.07.29.00,1008,5,928,11,1853,7,1891,10,2107,17,2173,10,2549,12,2522,17,1746,8,1855,8,2795,23,2637,18,1629,28,2249,12,2093,26,2151,20,1112,6,2483,32,2707,36,3310,61,2908,37,4425,32,2483,18,5088,22
2021.07.28.00,1003,6,917,9,1846,14,1881,9,2090,25,2163,12,2537,21,2505,16,1738,12,1847,8,2772,17,2619,29,1601,23,2237,23,2067,21,2131,21,1106,19,2451,27,2671,35,3249,55,2872,19,4393,39,2465,27,5066,32
2021.07.27.00,997,2,908,5,1832,13,1872,13,2065,8,2152,7,2516,12,2489,13,1726,5,1839,10,2755,7,2589,19,1578,11,2214,18,2046,10,2110,11,1087,15,2424,16,2636,30,3194,31,2853,8,4354,19,2438,16,5034,13
2021.07.26.00,995,4,906,7,1819,7,1861,14,2057,12,2145,8,2504,6,2476,11,1721,12,1829,3,2748,11,2570,13,1567,11,2196,12,2036,9,2099,21,1072,11,2408,22,2606,15,3163,30,2845,13,4336,24,2421,20,5017,14
2021.07.25.00,991,10,899,7,1812,12,1847,6,2045,14,2137,7,2498,18,2466,17,1709,12,1825,8,2737,11,2558,23,1557,19,2185,32,2027,3,2077,27,1061,10,2386,27,2590,33,3133,52,2832,26,4311,32,2401,22,5003,23
2021.07.24.00,981,4,892,9,1800,15,1841,16,2031,18,2129,8,2481,25,2449,8,1697,17,1817,13,2726,12,2535,14,1538,20,2154,21,2028,12,2050,20,1051,13,2358,13,2557,30,3082,40,2805,21,4278,32,2379,18,4980,24
2021.07.23.00,976,7,885,11,1785,19,1825,17,2013,19,2120,12,2456,18,2441,16,1680,15,1804,6,2714,13,2522,26,1518,17,2133,24,2016,9,2030,26,1038,16,2346,18,2526,30,3042,32,2784,32,4246,39,2361,25,4955,21
2021.07.22.00,969,11,874,6,1766,15,1808,22,1994,9,2108,18,2438,14,2425,7,1665,10,1798,18,2701,22,2496,19,1501,10,2109,15,2007,11,2004,21,1022,11,2328,15,2496,26,3010,60,2752,28,4207,34,2336,27,4934,26
2021.07.21.00,958,10,871,6,1752,27,1786,17,1985,23,2090,10,2424,14,2418,27,1655,11,1780,14,2679,20,2476,30,1491,30,2094,27,1997,22,1983,27,1011,13,2312,23,2470,43,2950,61,2723,33,4173,37,2308,15,4907,19
2021.07.20.00,948,5,867,5,1725,9,1769,11,1962,15,2082,6,2410,13,2391,21,1644,6,1766,13,2659,15,2446,16,1461,7,2067,15,1975,15,1956,23,998,6,2289,26,2427,28,2889,32,2690,27,4136,35,2293,10,4884,13
2021.07.19.00,943,8,862,7,1716,13,1759,12,1947,8,2077,13,2397,17,2370,19,1638,8,1753,13,2644,16,2430,14,1455,8,2052,24,1960,5,1934,19,991,7,2262,27,2399,20,2855,32,2664,24,4101,32,2283,23,4870,11
2021.07.18.00,934,6,855,10,1703,19,1746,12,1939,18,2066,14,2380,15,2351,18,1629,15,1740,10,2628,26,2415,17,1447,14,2028,20,1955,8,1915,25,984,17,2237,17,2379,29,2824,56,2640,34,4070,31,2260,11,4857,32
2021.07.17.00,928,9,847,6,1684,20,1734,16,1921,6,2052,14,2364,26,2333,19,1614,22,1730,12,2602,20,2398,15,1433,11,2008,27,1947,17,1890,24,967,13,2220,19,2350,19,2768,62,2606,35,4039,50,2249,13,4824,29
2021.07.16.00,919,5,841,11,1664,14,1718,15,1915,16,2038,12,2338,24,2314,19,1592,21,1718,16,2582,31,2383,15,1422,12,1981,26,1930,9,1866,24,954,8,2201,21,2331,33,2706,54,2571,30,3989,50,2236,14,4795,31
2021.07.15.00,914,9,830,9,1650,15,1703,20,1899,20,2026,10,2314,19,2295,12,1571,20,1703,15,2551,27,2368,16,1411,8,1954,27,1922,15,1842,15,946,10,2180,26,2298,20,2652,54,2541,21,3938,46,2222,10,4764,23
2021.07.14.00,906,5,823,10,1635,24,1683,21,1879,13,2016,10,2295,26,2285,28,1551,19,1688,17,2524,24,2351,25,1403,14,1927,35,1907,25,1828,29,936,10,2154,31,2278,22,2598,43,2520,38,3892,56,2212,17,4737,26
2021.07.13.00,901,13,813,5,1611,13,1662,19,1866,13,2006,12,2269,11,2257,15,1532,6,1671,7,2500,22,2326,20,1388,4,1892,20,1882,14,1799,13,926,11,2123,19,2256,15,2555,29,2482,10,3836,46,2195,13,4711,18
2021.07.12.00,888,5,808,2,1598,9,1643,9,1853,21,1996,9,2258,10,2242,9,1525,12,1664,13,2478,16,2306,16,1384,6,1872,20,1867,16,1786,18,915,9,2105,18,2240,19,2527,26,2472,22,3792,42,2182,10,4690,13
2021.07.11.00,883,4,806,3,1589,14,1633,32,1831,15,1986,27,2248,9,2235,15,1513,6,1651,20,2462,18,2289,14,1378,11,1855,25,1851,15,1769,14,905,11,2087,21,2221,24,2501,27,2449,26,3750,61,2172,19,4677,26
2021.07.10.00,879,9,803,10,1575,15,1601,20,1816,17,1959,18,2239,8,2220,17,1507,12,1631,15,2444,23,2275,11,1367,15,1830,27,1836,18,1755,20,894,11,2066,23,2197,25,2474,32,2423,27,3689,58,2153,14,4651,26
2021.07.09.00,870,3,793,6,1560,17,1580,22,1799,24,1942,22,2231,12,2201,22,1496,13,1616,24,2421,13,2264,22,1352,10,1803,20,1819,13,1734,19,883,12,2044,17,2172,23,2442,23,2396,29,3631,44,2139,25,4625,22
2021.07.08.00,869,6,788,10,1543,18,1559,36,1775,22,1919,13,2219,13,2180,20,1483,15,1591,24,2407,20,2243,21,1342,14,1783,19,1806,10,1717,18,871,11,2026,22,2149,23,2419,19,2367,27,3587,57,2114,32,4600,32
2021.07.07.00,864,11,778,8,1525,26,1524,24,1753,27,1906,16,2206,5,2158,21,1468,4,1567,12,2387,17,2221,25,1329,15,1765,23,1796,22,1700,21,860,7,2004,39,2126,15,2401,31,2340,32,3528,67,2082,20,4566,30
2021.07.06.00,853,3,770,3,1499,16,1499,18,1726,11,1891,10,2201,11,2137,13,1464,6,1555,6,2370,23,2196,10,1314,11,1742,11,1774,11,1679,4,853,7,1967,13,2111,10,2370,13,2308,19,3461,36,2061,7,4535,17
2021.07.05.00,850,8,768,8,1483,19,1481,6,1715,13,1881,16,2189,9,2122,8,1459,4,1549,6,2347,18,2186,7,1303,8,1731,14,1763,13,1675,5,846,7,1954,15,2102,9,2357,18,2289,19,3426,34,2054,4,4517,7
2021.07.04.00,842,7,760,4,1464,13,1475,15,1702,9,1865,7,2180,5,2114,17,1455,10,1543,13,2329,15,2179,12,1295,11,1717,17,1750,4,1670,4,839,7,1939,10,2093,8,2339,8,2270,18,3392,19,2050,8,4510,15
2021.07.03.00,835,6,756,6,1451,24,1460,9,1693,5,1858,12,2175,9,2097,14,1444,5,1530,15,2314,20,2168,16,1284,7,1700,22,1745,9,1667,4,832,4,1929,20,2085,8,2331,19,2252,16,3373,53,2042,9,4495,7
2021.07.02.00,830,7,750,2,1428,17,1451,9,1687,10,1846,10,2166,4,2083,12,1439,8,1515,11,2295,16,2152,11,1276,15,1679,18,1736,7,1663,10,829,2,1908,12,2077,22,2312,15,2235,20,3320,51,2033,9,4488,10
2021.07.01.00,823,2,748,2,1411,13,1442,14,1677,10,1836,13,2162,11,2071,10,1431,14,1504,7,2279,10,2141,8,1261,5,1661,21,1729,9,1653,4,827,3,1896,10,2055,12,2297,13,2215,20,3269,57,2024,17,4478,13
2021.06.30.00,821,1,747,9,1398,15,1429,18,1668,18,1823,18,2151,6,2059,12,1417,12,1497,11,2269,7,2133,14,1256,6,1640,20,1720,9,1649,8,824,4,1886,12,2044,12,2284,11,2195,23,3212,49,2006,15,4464,20
2021.06.29.00,820,2,738,2,1383,6,1411,4,1650,14,1806,6,2146,4,2047,10,1405,5,1486,1,2262,6,2119,8,1250,6,1620,13,1711,6,1641,8,820,1,1874,7,2032,3,2273,3,2172,11,3163,36,1991,10,4441,11
2021.06.28.00,818,3,735,2,1377,7,1407,7,1636,10,1800,6,2142,4,2037,6,1400,3,1485,3,2256,7,2111,10,1244,3,1607,7,1705,12,1633,6,819,5,1867,7,2029,6,2270,3,2161,7,3128,30,1981,6,4430,8
2021.06.27.00,815,5,733,2,1370,9,1400,27,1626,8,1794,4,2138,4,2031,11,1397,1,1482,1,2249,7,2101,12,1240,17,1599,10,1693,5,1628,12,814,1,1860,9,2023,8,2267,4,2155,9,3098,28,1975,7,4422,16
2021.06.26.00,810,4,731,1,1361,10,1373,13,1619,13,1790,3,2134,8,2020,9,1396,5,1481,5,2242,10,2089,13,1225,10,1588,16,1688,3,1616,7,813,8,1851,11,2015,8,2263,8,2146,9,3070,38,1968,16,4404,11
2021.06.25.00,806,4,730,7,1351,8,1360,13,1606,7,1787,5,2126,6,2011,15,1391,4,1476,2,2232,13,2076,14,1215,9,1572,19,1685,5,1609,13,805,2,1840,20,2007,3,2255,17,2137,18,3032,31,1952,10,4393,11
2021.06.24.00,802,6,724,6,1343,9,1347,14,1601,1,1782,1,2120,3,1995,7,1388,6,1474,4,2219,11,2062,13,1206,5,1553,10,1679,4,1596,6,803,2,1820,15,2004,4,2238,12,2119,16,3001,34,1940,12,4382,17
2021.06.23.00,796,1,718,2,1334,8,1333,8,1600,10,1781,8,2116,5,1988,12,1382,1,1470,6,2208,14,2049,6,1201,8,1543,6,1675,12,1590,5,801,1,1805,11,2000,9,2226,21,2103,13,2968,27,1928,11,4366,9
2021.06.22.00,795,0,716,0,1326,5,1325,3,1590,5,1773,3,2111,4,1977,8,1381,5,1464,1,2194,1,2043,3,1193,1,1537,4,1663,8,1585,2,800,1,1794,4,1991,3,2205,9,2090,8,2941,26,1917,4,4356,10
2021.06.21.00,795,0,718,2,1321,6,1322,8,1585,7,1770,3,2107,2,1969,6,1376,2,1463,3,2193,5,2040,6,1192,1,1533,4,1654,6,1583,9,799,2,1790,5,1988,6,2196,6,2082,7,2915,21,1913,2,4345,5
2021.06.20.00,794,3,717,2,1309,9,1305,6,1568,8,1764,6,2098,9,1960,5,1370,2,1458,2,2186,10,2031,8,1188,3,1518,7,1644,7,1569,8,790,6,1774,22,1971,9,2186,4,2061,8,2867,18,1909,2,4333,9
2021.06.19.00,794,3,717,2,1309,9,1305,6,1568,8,1764,6,2098,9,1960,5,1370,2,1458,2,2186,10,2031,8,1188,3,1518,7,1644,7,1569,8,790,6,1774,22,1971,9,2186,4,2061,8,2867,18,1909,2,4333,9
2021.06.18.00,791,2,716,2,1300,14,1299,6,1560,7,1758,8,2089,3,1955,11,1368,1,1456,1,2176,14,2023,3,1185,1,1511,8,1637,7,1561,5,784,2,1752,10,1962,8,2182,13,2053,13,2849,19,1907,9,4323,14
2021.06.17.00,789,1,714,5,1286,13,1293,6,1553,7,1750,9,2085,9,1945,8,1366,2,1456,7,2162,6,2020,2,1184,1,1504,11,1630,4,1556,3,782,3,1742,6,1954,8,2169,18,2040,14,2830,30,1898,4,4308,6
2021.06.16.00,788,1,709,2,1273,11,1287,10,1546,14,1741,9,2076,6,1937,1,1364,10,1449,4,2156,1,2018,7,1183,4,1493,8,1626,3,1553,6,780,3,1736,8,1946,2,2150,12,2026,16,2800,31,1894,8,4302,5
2021.06.15.00,786,2,708,2,1262,2,1277,3,1532,2,1732,8,2070,4,1936,1,1354,5,1445,3,2155,6,2010,0,1179,2,1485,5,1623,5,1547,2,777,1,1728,3,1944,5,2138,4,2010,8,2769,24,1886,11,4299,6
2021.06.14.00,784,3,706,2,1260,9,1274,4,1530,8,1724,7,2066,3,1934,5,1349,2,1442,1,2148,3,2010,5,1177,1,1481,6,1618,2,1545,2,776,2,1725,4,1939,2,2134,7,2002,8,2745,17,1875,7,4294,4
2021.06.13.00,781,1,704,1,1251,6,1270,4,1522,6,1717,14,2063,3,1929,4,1347,4,1441,4,2145,6,2005,5,1175,10,1475,7,1616,5,1543,3,774,5,1721,6,1937,5,2128,3,1994,9,2728,27,1868,5,4290,13
2021.06.12.00,780,2,703,2,1245,8,1266,9,1516,10,1703,10,2060,4,1925,5,1343,11,1437,1,2139,11,2000,7,1165,8,1468,7,1611,9,1540,3,769,4,1715,4,1932,6,2126,19,1985,12,2701,18,1863,5,4278,14
2021.06.11.00,778,4,700,8,1238,14,1257,3,1506,5,1693,10,2056,2,1920,11,1332,13,1436,2,2128,9,1993,8,1157,6,1461,7,1602,11,1536,8,765,2,1711,6,1926,2,2107,10,1973,8,2684,24,1858,10,4266,9
2021.06.10.00,774,5,692,5,1224,11,1254,6,1501,6,1683,6,2054,6,1909,5,1319,6,1434,4,2119,7,1985,6,1151,8,1454,3,1591,3,1528,6,763,2,1705,12,1924,11,2097,5,1965,15,2660,32,1848,7,4257,12
2021.06.09.00,769,1,687,2,1213,10,1248,5,1495,4,1677,3,2048,3,1904,2,1313,0,1430,3,2112,5,1979,11,1143,3,1451,10,1588,5,1522,4,761,3,1693,16,1913,8,2092,8,1950,11,2628,26,1841,6,4244,15
2021.06.08.00,768,1,688,2,1203,9,1243,4,1491,5,1674,2,2044,4,1902,8,1314,3,1426,2,2107,5,1968,4,1140,1,1441,5,1583,5,1518,6,758,4,1677,8,1905,4,2084,3,1939,9,2602,14,1835,10,4228,5
2021.06.07.00,767,2,687,5,1194,9,1239,4,1486,2,1673,5,2040,5,1894,6,1310,5,1424,1,2102,3,1964,4,1140,3,1436,4,1577,4,1512,4,754,4,1669,8,1901,12,2081,15,1930,8,2588,10,1825,9,4222,6
2021.06.06.00,765,1,686,4,1185,4,1236,6,1484,3,1668,4,2035,6,1887,7,1305,3,1423,1,2099,12,1961,8,1137,5,1432,8,1573,5,1508,2,750,6,1661,6,1889,13,2066,9,1922,10,2578,18,1815,7,4212,7
2021.06.05.00,764,2,682,7,1181,2,1230,7,1481,13,1664,6,2029,10,1880,16,1302,10,1422,3,2087,23,1953,8,1131,3,1424,5,1568,10,1506,7,744,2,1655,15,1876,12,2057,7,1913,19,2560,22,1808,16,4205,24
2021.06.04.00,762,1,676,2,1179,5,1223,7,1468,12,1658,7,2019,7,1864,9,1292,2,1419,5,2064,8,1945,6,1128,6,1419,9,1558,4,1499,3,742,5,1640,3,1864,16,2050,8,1895,7,2538,16,1792,20,4180,6
2021.06.03.00,761,2,674,2,1174,8,1216,3,1456,6,1651,7,2012,8,1855,8,1290,10,1414,6,2056,9,1940,4,1122,9,1410,13,1554,8,1496,1,737,5,1637,6,1848,10,2042,7,1889,7,2522,20,1772,17,4172,11
2021.06.02.00,759,1,673,2,1166,6,1213,9,1450,8,1644,7,2004,25,1848,9,1280,13,1408,11,2047,8,1936,8,1113,8,1397,7,1546,4,1495,2,732,9,1631,4,1838,11,2035,6,1882,18,2502,25,1755,14,4158,21
2021.06.01.00,758,0,671,1,1160,0,1204,2,1442,5,1637,3,1979,6,1840,13,1267,16,1397,7,2039,11,1928,5,1105,5,1390,3,1542,3,1493,4,723,4,1627,3,1827,3,2029,2,1864,8,2477,20,1741,4,4136,5
2021.05.31.00,758,0,670,1,1160,2,1202,7,1436,2,1634,5,1973,12,1827,4,1251,7,1390,2,2028,8,1923,0,1100,3,1387,8,1539,5,1489,2,719,8,1624,5,1824,4,2028,4,1856,3,2457,14,1737,7,4131,1
2021.05.30.00,758,3,669,0,1158,4,1195,5,1434,6,1629,7,1961,4,1823,11,1244,6,1388,5,2020,12,1923,2,1097,13,1379,5,1534,5,1487,5,711,5,1619,1,1820,4,2024,5,1853,5,2443,16,1730,6,4130,3
2021.05.29.00,755,1,669,2,1154,15,1190,6,1428,10,1622,3,1957,13,1812,6,1238,4,1383,5,2008,10,1921,2,1084,7,1374,10,1529,1,1482,6,706,4,1618,6,1816,3,2019,3,1848,12,2427,15,1724,7,4127,12
2021.05.28.00,754,2,667,7,1139,10,1184,7,1418,3,1620,8,1944,7,1806,5,1234,8,1378,6,1998,12,1919,9,1076,9,1364,8,1528,8,1477,13,702,7,1612,10,1813,4,2016,4,1836,10,2411,14,1717,6,4115,13
2021.05.27.00,752,4,660,0,1129,6,1177,8,1415,7,1612,4,1937,13,1801,7,1226,6,1373,2,1986,11,1910,9,1067,11,1356,9,1520,4,1464,5,695,2,1602,8,1809,6,2012,7,1826,17,2397,19,1711,16,4102,11
2021.05.26.00,748,5,660,4,1123,12,1170,11,1408,11,1608,1,1924,13,1794,10,1220,14,1371,8,1975,14,1901,3,1056,15,1347,5,1516,5,1459,8,693,8,1594,16,1803,7,2005,9,1809,21,2378,17,1695,17,4090,4
2021.05.25.00,743,0,656,1,1111,7,1159,3,1397,0,1607,4,1911,10,1784,9,1206,4,1363,5,1961,7,1898,6,1041,5,1342,3,1512,0,1451,6,685,10,1578,2,1796,3,1996,2,1789,9,2361,10,1679,14,4085,2
2021.05.24.00,743,1,655,2,1104,2,1156,7,1397,8,1603,8,1901,5,1775,4,1202,3,1358,3,1954,10,1892,3,1036,5,1339,1,1512,1,1445,2,675,1,1576,5,1793,9,1994,5,1780,3,2351,12,1665,13,4083,8
2021.05.23.00,742,3,653,2,1102,5,1149,2,1388,11,1595,2,1896,6,1771,8,1199,6,1355,2,1944,12,1889,7,1031,6,1338,6,1511,1,1443,6,674,6,1571,7,1784,10,1989,9,1777,4,2339,9,1653,17,4075,4
2021.05.22.00,739,3,651,5,1097,5,1147,6,1378,15,1593,7,1890,10,1763,6,1196,5,1340,6,1934,12,1882,11,1025,6,1332,10,1510,6,1437,1,668,6,1564,8,1774,5,1980,4,1774,9,2330,15,1636,10,4077,10
2021.05.21.00,737,0,646,1,1092,5,1142,4,1363,10,1586,7,1880,10,1757,5,1184,8,1350,2,1922,13,1871,5,1019,4,1322,8,1504,7,1436,3,662,6,1556,8,1769,4,1976,4,1762,3,2320,12,1624,10,4057,8
2021.05.20.00,737,3,645,4,1087,3,1138,5,1354,7,1579,19,1870,7,1752,14,1176,2,1348,7,1909,11,1866,7,1015,11,1314,3,1497,5,1433,11,657,7,1547,12,1765,7,1972,11,1759,6,2308,25,1614,13,4049,5
2021.05.19.00,734,6,641,5,1084,3,1133,5,1347,5,1560,5,1863,10,1738,8,1174,7,1341,9,1898,10,1859,8,1004,5,1311,11,1492,10,1422,12,650,5,1535,12,1758,11,1961,9,1753,9,2283,32,1601,13,4044,12
2021.05.18.00,728,4,637,2,1081,4,1128,2,1342,9,1554,7,1853,3,1730,8,1168,14,1332,9,1889,9,1851,7,999,1,1300,3,1482,4,1410,7,645,2,1523,8,1747,4,1952,6,1744,6,2251,15,1588,12,4030,9
2021.05.17.00,724,2,635,1,1077,2,1126,6,1333,10,1547,8,1850,8,1721,11,1155,8,1323,7,1880,14,1844,4,998,9,1297,6,1478,7,1403,14,643,1,1515,7,1743,13,1946,7,1738,3,2235,13,1576,17,4021,2
2021.05.16.00,722,6,634,4,1075,2,1120,3,1325,8,1539,6,1842,12,1710,14,1147,8,1316,10,1866,14,1840,7,989,10,1291,2,1471,8,1389,5,642,4,1508,11,1730,6,1939,7,1735,6,2221,29,1558,9,4019,8
2021.05.15.00,716,5,630,1,1073,7,1118,3,1317,3,1534,9,1830,17,1696,12,1139,16,1306,17,1852,19,1833,8,979,3,1290,7,1463,2,1384,14,638,7,1497,17,1724,8,1931,13,1729,9,2192,16,1549,6,4009,14
2021.05.14.00,711,1,629,2,1066,4,1115,7,1314,2,1525,8,1813,7,1684,10,1123,19,1289,12,1833,20,1825,3,976,5,1283,6,1461,4,1370,6,631,4,1480,8,1716,8,1918,17,1720,15,2176,11,1543,12,3995,14
2021.05.13.00,710,7,627,1,1062,6,1108,10,1313,6,1517,11,1806,14,1674,4,1104,11,1277,9,1813,20,1822,8,971,2,1277,10,1457,7,1364,7,627,4,1472,9,1708,5,1901,9,1705,12,2165,18,1531,16,3980,5
2021.05.12.00,703,1,626,5,1056,7,1098,2,1307,5,1506,7,1792,9,1670,12,1093,9,1268,8,1793,10,1814,8,969,7,1268,0,1450,12,1357,11,623,9,1463,12,1703,7,1892,15,1693,14,2147,20,1515,7,3974,11
2021.05.12.00,703,1,626,5,1056,7,1098,2,1307,5,1506,7,1792,9,1670,12,1093,9,1268,8,1793,10,1814,8,969,7,1268,0,1450,12,1357,11,623,9,1463,12,1703,7,1892,15,1693,14,2147,20,1515,7,3974,11
2021.05.11.00,702,0,621,2,1049,4,1096,7,1302,7,1501,11,1783,9,1658,7,1084,13,1260,7,1783,10,1806,7,962,3,1268,3,1438,7,1346,3,615,4,1451,7,1696,10,1877,3,1679,6,2127,13,1507,5,3961,4
2021.05.10.00,702,0,622,2,1045,3,1089,7,1293,7,1490,8,1774,8,1651,10,1071,4,1253,4,1773,7,1799,11,959,0,1265,4,1431,9,1343,1,611,0,1444,1,1686,6,1874,7,1673,6,2113,13,1502,9,3958,3
2021.05.09.00,702,3,620,4,1042,1,1082,7,1286,8,1482,6,1766,4,1641,16,1067,8,1249,13,1766,16,1788,8,959,3,1261,10,1422,8,1342,4,611,5,1444,4,1680,13,1867,3,1667,8,2100,17,1493,5,3954,8
2021.05.08.00,699,1,616,6,1041,3,1075,8,1278,7,1475,13,1762,3,1625,14,1059,15,1236,11,1750,14,1780,15,956,10,1252,5,1414,6,1338,2,605,3,1441,5,1667,7,1864,4,1659,6,2083,38,1488,12,3946,10
2021.05.07.00,698,0,610,1,1038,3,1067,9,1274,6,1462,4,1759,7,1611,3,1044,14,1225,12,1736,7,1765,15,945,3,1248,2,1408,3,1336,13,602,4,1436,11,1660,3,1860,11,1653,6,2045,11,1476,6,3933,9
2021.05.06.00,698,2,609,9,1035,10,1058,7,1268,10,1458,8,1752,11,1609,6,1029,8,1213,19,1729,6,1750,7,942,5,1247,2,1405,5,1323,4,598,4,1425,10,1657,4,1849,8,1647,14,2034,19,1470,6,3923,9
2021.05.05.00,696,2,600,4,1025,9,1050,3,1259,11,1451,19,1740,11,1603,12,1021,6,1194,6,1723,11,1743,10,937,4,1245,12,1400,7,1319,2,594,3,1415,12,1653,15,1841,10,1633,10,2015,16,1464,8,3914,13
2021.05.04.00,694,3,596,2,1016,4,1047,5,1248,10,1432,10,1729,9,1591,6,1015,10,1188,2,1712,4,1733,15,933,3,1233,2,1393,4,1317,5,591,3,1403,6,1638,9,1831,11,1623,5,1999,18,1456,15,3901,7
2021.05.03.00,691,1,595,3,1012,4,1042,2,1238,6,1422,6,1720,7,1584,6,1005,4,1186,4,1708,13,1718,8,930,2,1231,5,1389,3,1312,0,588,2,1398,3,1628,9,1820,2,1618,8,1982,12,1441,3,3893,2
2021.05.02.00,690,3,592,3,1008,6,1040,6,1232,1,1416,11,1713,10,1578,4,1001,1,1182,5,1695,8,1710,4,928,6,1226,1,1386,5,1312,2,585,8,1396,6,1619,4,1818,15,1610,13,1970,19,1438,11,3891,10
2021.05.01.00,687,7,589,2,1002,8,1034,0,1231,3,1405,14,1703,7,1574,8,1000,3,1177,5,1687,10,1706,12,922,1,1225,7,1381,5,1310,3,577,2,1390,14,1615,11,1803,13,1597,10,1951,12,1427,9,3881,8
2021.04.30.00,680,3,587,0,994,6,1033,5,1228,6,1391,7,1696,7,1566,6,997,7,1172,7,1677,6,1694,18,921,5,1218,4,1376,10,1306,7,575,0,1376,9,1604,14,1793,22,1587,12,1939,22,1418,8,3872,15
2021.04.29.00,677,3,587,5,988,8,1028,11,1222,10,1385,24,1689,14,1560,6,989,6,1165,7,1670,10,1676,10,916,1,1214,9,1366,6,1299,6,576,4,1366,7,1587,5,1778,9,1576,7,1917,19,1410,8,3853,11
2021.04.28.00,674,2,582,2,980,5,1017,6,1212,10,1361,14,1676,19,1554,6,983,3,1158,12,1660,12,1667,12,915,4,1204,10,1360,4,1293,4,572,7,1359,9,1582,15,1771,14,1569,10,1898,28,1402,13,3841,14
2021.04.27.00,672,1,581,1,975,2,1011,3,1202,5,1347,9,1657,6,1548,1,980,0,1146,5,1648,3,1655,7,911,0,1194,4,1356,3,1290,2,565,0,1349,3,1567,5,1757,5,1559,3,1870,15,1389,13,3826,5
2021.04.26.00,671,3,580,1,973,5,1009,8,1196,8,1338,5,1651,10,1547,1,980,4,1141,10,1645,6,1648,7,912,3,1190,3,1353,4,1288,3,565,3,1346,8,1562,5,1752,8,1556,7,1855,12,1376,5,3820,5
